#set( $symbol_pound = '#' )
#set( $symbol_dollar = '$' )
#set( $symbol_escape = '\' )
<blueprint xmlns="http://www.osgi.org/xmlns/blueprint/v1.0.0">
	<!-- <bean id="apiServiceBean" class="${package}.DemoApiClass" /> -->
	<!-- <service id="apiService" ref="apiServiceBean" interface="${groupId}.api.spi.IApiClass" /> -->

	<!-- <bean id="apiClassBean" class="java.lang.Class" factory-method="forName">
		<argument value="${package}.DemoApiClass" />
	</bean> -->
	
	<!-- <bean id="apiClassBean" class="${package}.ClassFactory" factory-method="getTheClass"> -->
       <!-- <argument value="${package}.DemoApiClass" />
	   <argument ref="blueprintBundleContext"/> -->
    <!-- </bean> -->
	
	<!-- <bean id="apiClassBean" class="${package}.ClassBean">
       <property name="name" ref="${package}.DemoApiClass" />     
    </bean> -->
	
    <!-- <service id="apiClassService" ref="apiClassBean" interface="java.lang.Class" /> -->
        
    <bean id="apiBean" class="${package}.DemoApiController">            
    </bean>
    <service id="apiService" ref="apiBean" interface="${groupId}.api.IApiController" />
    
</blueprint>